"DateTime","EPS","Split Spinoff","Price","Normal PE","EPS Area","Series 6","EPS Ovd","Dividends POR","Dividend Yld","Dividends (low)","Dividends (high)","EPSQ","Transactions"
"2002-09-29 21:00:00",0.17679,,,0.1561913720326311,0.17679,,,,,,,,
"2002-10-03 21:00:00",,,0.25053572505875,,,,,,,,,,
"2002-10-10 21:00:00",,,0.25910715399875,,,,,,,,,,
"2002-10-17 21:00:00",,,0.2560714395825,,,,,,,,,,
"2002-10-24 21:00:00",,,0.2753571546975,,,,,,,,,,
"2002-10-31 22:00:00",,,0.292142869705,,,,,,,,,,
"2002-11-07 22:00:00",,,0.28285715502,,,,,,,,,,
"2002-11-14 22:00:00",,,0.28482144081875,,,,,,,,,,
"2002-11-21 22:00:00",,,0.28589286943625,,,,,,,,,,
"2002-11-28 22:00:00",,,0.2767857261875,,,,,,,,,,
"2002-12-05 22:00:00",,,0.26696429719375,,,,,,,,,,
"2002-12-12 22:00:00",,,0.26410715421375,,,,,,,,,,
"2002-12-19 22:00:00",,,0.2525000108575,,,,,,,,,,
"2002-12-26 22:00:00",,,0.2510714393675,,,,,,,,,,
"2003-01-02 22:00:00",,,0.2660714400125,,,,,,,,,,
"2003-01-09 22:00:00",,,0.26285715416,,,,,,,,,,
"2003-01-16 22:00:00",,,0.2517857251125,,,,,,,,,,
"2003-01-23 22:00:00",,,0.246428582025,,,,,,,,,,
"2003-01-30 22:00:00",,,0.256428582455,,,,,,,,,,
"2003-02-06 22:00:00",,,0.25267858229375,,,,,,,,,,
"2003-02-13 22:00:00",,,0.26196429697875,,,,,,,,,,
"2003-02-20 22:00:00",,,0.267857154375,,,,,,,,,,
"2003-02-27 22:00:00",,,0.26803572581125,,,,,,,,,,
"2003-03-06 22:00:00",,,0.25946429687125,,,,,,,,,,
"2003-03-13 22:00:00",,,0.2639285827775,,,,,,,,,,
"2003-03-20 22:00:00",,,0.267857154375,,,,,,,,,,
"2003-03-27 22:00:00",,,0.26017858261625,,,,,,,,,,
"2003-04-03 21:00:00",,,0.25732143963625,,,,,,,,,,
"2003-04-10 21:00:00",,,0.23571429585,,,,,,,,,,
"2003-04-17 21:00:00",,,0.23428572436,,,,,,,,,,
"2003-04-24 21:00:00",,,0.23839286739375,,,,,,,,,,
"2003-05-01 21:00:00",,,0.25803572538125,,,,,,,,,,
"2003-05-08 21:00:00",,,0.3267857283375,,,,,,,,,,
"2003-05-15 21:00:00",,,0.33571430015,,,,,,,,,,
"2003-05-22 21:00:00",,,0.32714287121,,,,,,,,,,
"2003-05-29 21:00:00",,,0.32053572806875,,,,,,,,,,
"2003-06-05 21:00:00",,,0.30625001316875,,,,,,,,,,
"2003-06-12 21:00:00",,,0.3110714419475,,,,,,,,,,
"2003-06-19 21:00:00",,,0.3428571576,,,,,,,,,,
"2003-06-26 21:00:00",,,0.33446430009625,,,,,,,,,,
"2003-07-03 21:00:00",,,0.34160715754625,,,,,,,,,,
"2003-07-10 21:00:00",,,0.35446430095625,,,,,,,,,,
"2003-07-17 21:00:00",,,0.3724889445884525,,,,,,,,,,
"2003-07-24 21:00:00",,,0.3846428736825,,,,,,,,,,
"2003-07-31 21:00:00",,,0.37017858734625,,,,,,,,,,
"2003-08-07 21:00:00",,,0.350714300795,,,,,,,,,,
"2003-08-14 21:00:00",,,0.35196430084875,,,,,,,,,,
"2003-08-21 21:00:00",,,0.37285715889,,,,,,,,,,
"2003-08-28 21:00:00",,,0.40375001736125,,,,,,,,,,
"2003-09-04 21:00:00",,,0.4017857315625,,,,,,,,,,
"2003-09-11 21:00:00",,,0.4125000177375,,,,,,,,,,
"2003-09-18 21:00:00",,,0.4032143030525,,,,,,,,,,
"2003-09-25 21:00:00",,,0.36946430160125,,,,,,,,,,
"2003-09-29 21:00:00",0.10716,,,0.09467428829128767,0.10716,,,,,,,,
"2003-10-02 21:00:00",,,0.38732144522625,,,,,,,,,,
"2003-10-09 21:00:00",,,0.42285716104,,,,,,,,,,
"2003-10-16 21:00:00",,,0.40625001746875,,,,,,,,,,
"2003-10-23 21:00:00",,,0.403571445925,,,,,,,,,,
"2003-10-30 22:00:00",,,0.40875001757625,,,,,,,,,,
"2003-11-06 22:00:00",,,0.4017857315625,,,,,,,,,,
"2003-11-13 22:00:00",,,0.3832143021925,,,,,,,,,,
"2003-11-20 22:00:00",,,0.362142872715,,,,,,,,,,
"2003-11-27 22:00:00",,,0.37339287319875,,,,,,,,,,
"2003-12-04 22:00:00",,,0.37232144458125,,,,,,,,,,
"2003-12-11 22:00:00",,,0.37303573032625,,,,,,,,,,
"2003-12-18 22:00:00",,,0.3517857294125,,,,,,,,,,
"2003-12-25 22:00:00",,,0.3710714445275,,,,,,,,,,
"2004-01-01 22:00:00",,,0.38000001634,,,,,,,,,,
"2004-01-08 22:00:00",,,0.410714303375,,,,,,,,,,
"2004-01-15 22:00:00",,,0.40571430316,,,,,,,,,,
"2004-01-22 22:00:00",,,0.40285716018,,,,,,,,,,
"2004-01-29 22:00:00",,,0.40285716018,,,,,,,,,,
"2004-02-05 22:00:00",,,0.40553573172375,,,,,,,,,,
"2004-02-12 22:00:00",,,0.410714303375,,,,,,,,,,
"2004-02-19 22:00:00",,,0.4000000172,,,,,,,,,,
"2004-02-26 22:00:00",,,0.42714287551,,,,,,,,,,
"2004-03-04 22:00:00",,,0.4775000205325,,,,,,,,,,
"2004-03-11 22:00:00",,,0.492142878305,,,,,,,,,,
"2004-03-18 22:00:00",,,0.4617857341425,,,,,,,,,,
"2004-03-25 22:00:00",,,0.48285716362,,,,,,,,,,
"2004-04-01 21:00:00",,,0.4910714496875,,,,,,,,,,
"2004-04-08 21:00:00",,,0.49160716399625,,,,,,,,,,
"2004-04-15 21:00:00",,,0.5210714509775,,,,,,,,,,
"2004-04-22 21:00:00",,,0.4946428784125,,,,,,,,,,
"2004-04-29 21:00:00",,,0.4603571626525,,,,,,,,,,
"2004-05-06 21:00:00",,,0.47625002047875,,,,,,,,,,
"2004-05-13 21:00:00",,,0.4832143064925,,,,,,,,,,
"2004-05-20 21:00:00",,,0.48410716367375,,,,,,,,,,
"2004-05-27 21:00:00",,,0.5010714501175,,,,,,,,,,
"2004-06-03 21:00:00",,,0.5139285935275,,,,,,,,,,
"2004-06-10 21:00:00",,,0.5489285950325,,,,,,,,,,
"2004-06-17 21:00:00",,,0.58767859669875,,,,,,,,,,
"2004-06-24 21:00:00",,,0.6017857401625,,,,,,,,,,
"2004-07-01 21:00:00",,,0.555000023865,,,,,,,,,,
"2004-07-08 21:00:00",,,0.53625002305875,,,,,,,,,,
"2004-07-15 21:00:00",,,0.575000024725,,,,,,,,,,
"2004-07-22 21:00:00",,,0.5482143092875,,,,,,,,,,
"2004-07-29 21:00:00",,,0.5775000248325,,,,,,,,,,
"2004-08-05 21:00:00",,,0.5317857371525,,,,,,,,,,
"2004-08-12 21:00:00",,,0.550714309395,,,,,,,,,,
"2004-08-19 21:00:00",,,0.55000002365,,,,,,,,,,
"2004-08-26 21:00:00",,,0.61339288351875,,,,,,,,,,
"2004-09-02 21:00:00",,,0.62910716990875,,,,,,,,,,
"2004-09-09 21:00:00",,,0.64053574182875,,,,,,,,,,
"2004-09-16 21:00:00",,,0.6632143142325,,,,,,,,,,
"2004-09-23 21:00:00",,,0.66589288577625,,,,,,,,,,
"2004-09-29 21:00:00",0.38571,,,0.3407691278166533,0.38571,,,,,,,,
"2004-09-30 21:00:00",,,0.69053574397875,,,,,,,,,,
"2004-10-07 21:00:00",,,0.6975000299925,,,,,,,,,,
"2004-10-14 21:00:00",,,0.8125000349375,,,,,,,,,,
"2004-10-21 21:00:00",,,0.84660717926125,,,,,,,,,,
"2004-10-28 21:00:00",,,0.93571432595,,,,,,,,,,
"2004-11-04 22:00:00",,,0.97714289916,,,,,,,,,,
"2004-11-11 22:00:00",,,0.9910714711875,,,,,,,,,,
"2004-11-18 22:00:00",,,0.98517861379125,,,,,,,,,,
"2004-11-25 22:00:00",,,1.15267862099375,,,,,,,,,,
"2004-12-02 22:00:00",,,1.119285762415,,,,,,,,,,
"2004-12-09 22:00:00",,,1.16339290716875,,,,,,,,,,
"2004-12-16 22:00:00",,,1.16053576418875,,,,,,,,,,
"2004-12-23 22:00:00",,,1.14303576343625,,,,,,,,,,
"2004-12-30 22:00:00",,,1.15000004945,,,,,,,,,,
"2005-01-06 22:00:00",,,1.23660719603125,,,,,,,,,,
"2005-01-13 22:00:00",,,1.253571482475,,,,,,,,,,
"2005-01-20 22:00:00",,,1.25875005412625,,,,,,,,,,
"2005-01-27 22:00:00",,,1.3210714853775,,,,,,,,,,
"2005-02-03 22:00:00",,,1.407857203395,,,,,,,,,,
"2005-02-10 22:00:00",,,1.45017863378625,,,,,,,,,,
"2005-02-17 22:00:00",,,1.55017863808625,,,,,,,,,,
"2005-02-24 22:00:00",,,1.58910721118875,,,,,,,,,,
"2005-02-27 22:00:00",,,,,,,,,,,,,
"2005-03-03 22:00:00",,,1.5289286371725,,,,,,,,,,
"2005-03-10 22:00:00",,,1.4382143475575,,,,,,,,,,
"2005-03-17 22:00:00",,,1.53428578026,,,,,,,,,,
"2005-03-24 22:00:00",,,1.517857208125,,,,,,,,,,
"2005-03-31 21:00:00",,,1.4603572056525,,,,,,,,,,
"2005-04-07 21:00:00",,,1.562142924315,,,,,,,,,,
"2005-04-14 21:00:00",,,1.2625000542875,,,,,,,,,,
"2005-04-21 21:00:00",,,1.267857197375,,,,,,,,,,
"2005-04-28 21:00:00",,,1.287857198235,,,,,,,,,,
"2005-05-05 21:00:00",,,1.33000005719,,,,,,,,,,
"2005-05-12 21:00:00",,,1.2417857676825,,,,,,,,,,
"2005-05-19 21:00:00",,,1.3410714862375,,,,,,,,,,
"2005-05-26 21:00:00",,,1.44857149086,,,,,,,,,,
"2005-06-02 21:00:00",,,1.36571434444,,,,,,,,,,
"2005-06-09 21:00:00",,,1.2789286264225,,,,,,,,,,
"2005-06-16 21:00:00",,,1.3682143445475,,,,,,,,,,
"2005-06-23 21:00:00",,,1.34857148656,,,,,,,,,,
"2005-06-30 21:00:00",,,1.303571484625,,,,,,,,,,
"2005-07-07 21:00:00",,,1.3660714873125,,,,,,,,,,
"2005-07-14 21:00:00",,,1.4839286352375,,,,,,,,,,
"2005-07-21 21:00:00",,,1.571428639,,,,,,,,,,
"2005-07-28 21:00:00",,,1.5232143512125,,,,,,,,,,
"2005-08-04 21:00:00",,,1.5353572088775,,,,,,,,,,
"2005-08-11 21:00:00",,,1.646428642225,,,,,,,,,,
"2005-08-18 21:00:00",,,1.6367857846675,,,,,,,,,,
"2005-08-25 21:00:00",,,1.633571498815,,,,,,,,,,
"2005-09-01 21:00:00",,,1.650714356695,,,,,,,,,,
"2005-09-08 21:00:00",,,1.8325000787975,,,,,,,,,,
"2005-09-15 21:00:00",,,1.8289286500725,,,,,,,,,,
"2005-09-22 21:00:00",,,1.9000000817,,,,,,,,,,
"2005-09-29 21:00:00",1.67142,,1.9146429394725,1.4766750553921617,1.67142,,,,,,,,
"2005-10-06 21:00:00",,,1.832142935925,,,,,,,,,,
"2005-10-13 21:00:00",,,1.9285715115,,,,,,,,,,
"2005-10-20 21:00:00",,,1.987857228335,,,,,,,,,,
"2005-10-27 21:00:00",,,1.9453572265075,,,,,,,,,,
"2005-11-03 22:00:00",,,2.1839286653375,,,,,,,,,,
"2005-11-10 22:00:00",,,2.197857237365,,,,,,,,,,
"2005-11-17 22:00:00",,,2.30571438486,,,,,,,,,,
"2005-11-24 22:00:00",,,2.476428677915,,,,,,,,,,
"2005-12-01 22:00:00",,,2.5939286829675,,,,,,,,,,
"2005-12-08 22:00:00",,,2.654660828436125,,,,,,,,,,
"2005-12-15 22:00:00",,,2.5396429663475,,,,,,,,,,
"2005-12-22 22:00:00",,,2.6196429697875,,,,,,,,,,
"2005-12-29 22:00:00",,,2.5675001104025,,,,,,,,,,
"2006-01-05 22:00:00",,,2.725000117175,,,,,,,,,,
"2006-01-12 22:00:00",,,3.056782274298775,,,,,,,,,,
"2006-01-19 22:00:00",,,2.71746440256525,,,,,,,,,,
"2006-01-26 22:00:00",,,2.5725001106175,,,,,,,,,,
"2006-02-02 22:00:00",,,2.56596439605075,,,,,,,,,,
"2006-02-09 22:00:00",,,2.4039286747975,,,,,,,,,,
"2006-02-16 22:00:00",,,2.5103572508025,,,,,,,,,,
"2006-02-23 22:00:00",,,2.552142966885,,,,,,,,,,
"2006-03-02 22:00:00",,,2.41857153257,,,,,,,,,,
"2006-03-09 22:00:00",,,2.2567858113275,,,,,,,,,,
"2006-03-16 22:00:00",,,2.309285813585,,,,,,,,,,
"2006-03-23 22:00:00",,,2.14142866351,,,,,,,,,,
"2006-03-30 21:00:00",,,2.2400004534628724,,,,,,,,,,
"2006-04-06 21:00:00",,,2.4925001071775,,,,,,,,,,
"2006-04-13 21:00:00",,,2.3738840306484374,,,,,,,,,,
"2006-04-20 21:00:00",,,2.39428581724,,,,,,,,,,
"2006-04-27 21:00:00",,,2.5139286795275,,,,,,,,,,
"2006-05-04 21:00:00",,,2.5675001104025,,,,,,,,,,
"2006-05-11 21:00:00",,,2.417857246825,,,,,,,,,,
"2006-05-18 21:00:00",,,2.3039286704975,,,,,,,,,,
"2006-05-25 21:00:00",,,2.26960724045025,,,,,,,,,,
"2006-06-01 21:00:00",,,2.202142951835,,,,,,,,,,
"2006-06-08 21:00:00",,,2.1157147338328723,,,,,,,,,,
"2006-06-15 21:00:00",,,2.05571437411,,,,,,,,,,
"2006-06-22 21:00:00",,,2.1010715189175,,,,,,,,,,
"2006-06-29 21:00:00",,,2.0453572308075,,,,,,,,,,
"2006-07-06 21:00:00",,,1.97857151365,,,,,,,,,,
"2006-07-13 21:00:00",,,1.8096429349575,,,,,,,,,,
"2006-07-20 21:00:00",,,2.16857152182,,,,,,,,,,
"2006-07-27 21:00:00",,,2.3425001007275,,,,,,,,,,
"2006-08-03 21:00:00",,,2.439285819175,,,,,,,,,,
"2006-08-10 21:00:00",,,2.2732143834625,,,,,,,,,,
"2006-08-17 21:00:00",,,2.4253572471475,,,,,,,,,,
"2006-08-24 21:00:00",,,2.4553572484375,,,,,,,,,,
"2006-08-31 21:00:00",,,2.442142962155,,,,,,,,,,
"2006-09-07 21:00:00",,,2.59000011137,,,,,,,,,,
"2006-09-14 21:00:00",,,2.646428685225,,,,,,,,,,
"2006-09-21 21:00:00",,,2.60714296925,,,,,,,,,,
"2006-09-28 21:00:00",,,2.749285832505,,,,,,,,,,
"2006-09-29 21:00:00",2.43213,,,2.148751183108338,2.43213,,,,,,,,
"2006-10-05 21:00:00",,,2.650714399695,,,,,,,,,,
"2006-10-12 21:00:00",,,2.679285829495,,,,,,,,,,
"2006-10-19 21:00:00",,,2.8553572656375,,,,,,,,,,
"2006-10-26 21:00:00",,,2.8717858377725,,,,,,,,,,
"2006-11-02 22:00:00",,,2.7960715488025,,,,,,,,,,
"2006-11-09 22:00:00",,,2.96857155622,,,,,,,,,,
"2006-11-16 22:00:00",,,3.0660715604125,,,,,,,,,,
"2006-11-23 22:00:00",,,3.2725001407175,,,,,,,,,,
"2006-11-30 22:00:00",,,3.26142871167,,,,,,,,,,
"2006-12-07 22:00:00",,,3.152142992685,,,,,,,,,,
"2006-12-14 22:00:00",,,3.13285727757,,,,,,,,,,
"2006-12-21 22:00:00",,,2.93571441195,,,,,,,,,,
"2006-12-28 22:00:00",,,3.03000013029,,,,,,,,,,
"2007-01-04 22:00:00",,,3.0375001306125,,,,,,,,,,
"2007-01-11 22:00:00",,,3.379285859595,,,,,,,,,,
"2007-01-18 22:00:00",,,3.160714421625,,,,,,,,,,
"2007-01-25 22:00:00",,,3.049285845405,,,,,,,,,,
"2007-02-01 22:00:00",,,3.0267858444375,,,,,,,,,,
"2007-02-08 22:00:00",,,2.9739286993075,,,,,,,,,,
"2007-02-15 22:00:00",,,3.0296429874175,,,,,,,,,,
"2007-02-22 22:00:00",,,3.1810715653575,,,,,,,,,,
"2007-03-01 22:00:00",,,3.0503572740225,,,,,,,,,,
"2007-03-08 22:00:00",,,3.1417858493825,,,,,,,,,,
"2007-03-15 22:00:00",,,3.1996429947275,,,,,,,,,,
"2007-03-22 22:00:00",,,3.34000014362,,,,,,,,,,
"2007-03-29 21:00:00",,,3.3182144283975,,,,,,,,,,
"2007-04-05 21:00:00",,,3.38142871683,,,,,,,,,,
"2007-04-12 21:00:00",,,3.22285728144,,,,,,,,,,
"2007-04-19 21:00:00",,,3.2489287111325,,,,,,,,,,
"2007-04-26 21:00:00",,,3.56857158202,,,,,,,,,,
"2007-05-03 21:00:00",,,3.6003572976725,,,,,,,,,,
"2007-05-10 21:00:00",,,3.883571595565,,,,,,,,,,
"2007-05-17 21:00:00",,,3.929285883245,,,,,,,,,,
"2007-05-24 21:00:00",,,4.057857317345,,,,,,,,,,
"2007-05-31 21:00:00",,,4.2285716104,,,,,,,,,,
"2007-06-07 21:00:00",,,4.4460716197525,,,,,,,,,,
"2007-06-14 21:00:00",,,4.303571613625,,,,,,,,,,
"2007-06-21 21:00:00",,,4.39285733175,,,,,,,,,,
"2007-06-28 21:00:00",,,4.35857161599,,,,,,,,,,
"2007-07-05 21:00:00",,,4.725000203175,,,,,,,,,,
"2007-07-12 21:00:00",,,4.9189287829425,,,,,,,,,,
"2007-07-19 21:00:00",,,5.1339287921875,,,,,,,,,,
"2007-07-26 21:00:00",,,5.1375002209125,,,,,,,,,,
"2007-08-02 21:00:00",,,4.708925202483775,,,,,,,,,,
"2007-08-09 21:00:00",,,4.46428590625,,,,,,,,,,
"2007-08-16 21:00:00",,,4.359285901735,,,,,,,,,,
"2007-08-23 21:00:00",,,4.832143064925,,,,,,,,,,
"2007-08-30 21:00:00",,,4.94571449838,,,,,,,,,,
"2007-09-06 21:00:00",,,4.7060716309325,,,,,,,,,,
"2007-09-13 21:00:00",,,4.9575002131725,,,,,,,,,,
"2007-09-20 21:00:00",,,5.1482145070875,,,,,,,,,,
"2007-09-27 21:00:00",,,5.4810716642575,,,,,,,,,,
"2007-09-29 21:00:00",4.210710000000001,,,3.7201005267917875,4.210710000000001,,,,,,,,
"2007-10-04 21:00:00",,,5.766068105083775,,,,,,,,,,
"2007-10-11 21:00:00",,,5.973346685425325,,,,,,,,,,
"2007-10-18 21:00:00",,,6.086428833145,,,,,,,,,,
"2007-10-25 21:00:00",,,6.596428855075,,,,,,,,,,
"2007-11-01 22:00:00",,,6.7096431456575,,,,,,,,,,
"2007-11-08 22:00:00",,,5.9060716825325,,,,,,,,,,
"2007-11-15 22:00:00",,,5.9425002555275,,,,,,,,,,
"2007-11-22 22:00:00",,,6.126428834865,,,,,,,,,,
"2007-11-29 22:00:00",,,6.507857422695,,,,,,,,,,
"2007-12-06 22:00:00",,,6.939286012675,,,,,,,,,,
"2007-12-13 22:00:00",,,6.7996431495275,,,,,,,,,,
"2007-12-20 22:00:00",,,6.9253574406475,,,,,,,,,,
"2007-12-27 22:00:00",,,7.1367860211675,,,,,,,,,,
"2008-01-03 22:00:00",,,6.4303574193625,,,,,,,,,,
"2008-01-10 22:00:00",,,6.1675002652025,,,,,,,,,,
"2008-01-17 22:00:00",,,5.76285739066,,,,,,,,,,
"2008-01-24 22:00:00",,,4.6432144853725,,,,,,,,,,
"2008-01-31 22:00:00",,,4.7767859196875,,,,,,,,,,
"2008-02-07 22:00:00",,,4.48142876413,,,,,,,,,,
"2008-02-14 22:00:00",,,4.4510716199675,,,,,,,,,,
"2008-02-21 22:00:00",,,4.266428754885,,,,,,,,,,
"2008-02-28 22:00:00",,,4.465000191995,,,,,,,,,,
"2008-03-06 22:00:00",,,4.3660716163125,,,,,,,,,,
"2008-03-13 22:00:00",,,4.5217859087225,,,,,,,,,,
"2008-03-20 22:00:00",,,4.7596430618075,,,,,,,,,,
"2008-03-27 22:00:00",,,5.1075002196225,,,,,,,,,,
"2008-04-03 21:00:00",,,5.46714309223,,,,,,,,,,
"2008-04-10 21:00:00",,,5.255000225965,,,,,,,,,,
"2008-04-17 21:00:00",,,5.75142881874,,,,,,,,,,
"2008-04-24 21:00:00",,,6.0617859749425,,,,,,,,,,
"2008-05-01 21:00:00",,,6.462143135015,,,,,,,,,,
"2008-05-08 21:00:00",,,6.5517859960125,,,,,,,,,,
"2008-05-15 21:00:00",,,6.700718145273725,,,,,,,,,,
"2008-05-22 21:00:00",,,6.4703574210825,,,,,,,,,,
"2008-05-29 21:00:00",,,6.7410717184375,,,,,,,,,,
"2008-06-05 21:00:00",,,6.63000028509,,,,,,,,,,
"2008-06-12 21:00:00",,,6.1560716932825,,,,,,,,,,
"2008-06-19 21:00:00",,,6.2596431263075,,,,,,,,,,
"2008-06-26 21:00:00",,,6.0746431183525,,,,,,,,,,
"2008-07-03 21:00:00",,,6.07571454697,,,,,,,,,,
"2008-07-10 21:00:00",,,6.163571693605,,,,,,,,,,
"2008-07-17 21:00:00",,,5.8982145393375,,,,,,,,,,
"2008-07-24 21:00:00",,,5.79000024897,,,,,,,,,,
"2008-07-31 21:00:00",,,5.595000240585,,,,,,,,,,
"2008-08-07 21:00:00",,,6.0553574032375,,,,,,,,,,
"2008-08-14 21:00:00",,,6.276428841315,,,,,,,,,,
"2008-08-21 21:00:00",,,6.3139288429275,,,,,,,,,,
"2008-08-28 21:00:00",,,6.0546431174925,,,,,,,,,,
"2008-09-04 21:00:00",,,5.720714531705,,,,,,,,,,
"2008-09-11 21:00:00",,,5.319285943015,,,,,,,,,,
"2008-09-18 21:00:00",,,5.0325002163975,,,,,,,,,,
"2008-09-25 21:00:00",,,4.58000019694,,,,,,,,,,
"2008-09-29 21:00:00",5.74287,,,5.073741414701262,5.74287,,,,,,,,
"2008-10-02 21:00:00",,,3.4667858633575,,,,,,,,,,
"2008-10-09 21:00:00",,,3.4571430058,,,,,,,,,,
"2008-10-16 21:00:00",,,3.47857157815,,,,,,,,,,
"2008-10-23 21:00:00",,,3.442143005155,,,,,,,,,,
"2008-10-30 22:00:00",,,3.8425001652275,,,,,,,,,,
"2008-11-06 22:00:00",,,3.50857157944,,,,,,,,,,
"2008-11-13 22:00:00",,,3.22285728144,,,,,,,,,,
"2008-11-20 22:00:00",,,2.949285841105,,,,,,,,,,
"2008-11-27 22:00:00",,,3.3096429994575,,,,,,,,,,
"2008-12-04 22:00:00",,,3.3571430015,,,,,,,,,,
"2008-12-11 22:00:00",,,3.5096430080575,,,,,,,,,,
"2008-12-18 22:00:00",,,3.2142858525,,,,,,,,,,
"2008-12-25 22:00:00",,,3.0646429889225,,,,,,,,,,
"2009-01-01 22:00:00",,,3.2410715679375,,,,,,,,,,
"2009-01-08 22:00:00",,,3.235000139105,,,,,,,,,,
"2009-01-15 22:00:00",,,2.9403572692925,,,,,,,,,,
"2009-01-22 22:00:00",,,3.15571442141,,,,,,,,,,
"2009-01-29 22:00:00",,,3.2189287098425,,,,,,,,,,
"2009-02-05 22:00:00",,,3.56142872457,,,,,,,,,,
"2009-02-12 22:00:00",,,3.54142872371,,,,,,,,,,
"2009-02-19 22:00:00",,,3.2571429972,,,,,,,,,,
"2009-02-26 22:00:00",,,3.1896429942975,,,,,,,,,,
"2009-03-05 22:00:00",,,3.046428702425,,,,,,,,,,
"2009-03-12 22:00:00",,,3.4260715758925,,,,,,,,,,
"2009-03-19 22:00:00",,,3.6282144417275,,,,,,,,,,
"2009-03-26 22:00:00",,,3.8160715926625,,,,,,,,,,
"2009-04-02 21:00:00",,,4.1425001781275,,,,,,,,,,
"2009-04-09 21:00:00",,,4.2703573264825,,,,,,,,,,
"2009-04-16 21:00:00",,,4.407857332395,,,,,,,,,,
"2009-04-23 21:00:00",,,4.425000190275,,,,,,,,,,
"2009-04-30 21:00:00",,,4.54428590969,,,,,,,,,,
"2009-05-07 21:00:00",,,4.6139287698275,,,,,,,,,,
"2009-05-14 21:00:00",,,4.372143045145,,,,,,,,,,
"2009-05-21 21:00:00",,,4.375000188125,,,,,,,,,,
"2009-05-28 21:00:00",,,4.8503573514225,,,,,,,,,,
"2009-06-04 21:00:00",,,5.1667859364575,,,,,,,,,,
"2009-06-11 21:00:00",,,4.8917859246325,,,,,,,,,,
"2009-06-18 21:00:00",,,4.98142878563,,,,,,,,,,
"2009-06-25 21:00:00",,,5.08714307589,,,,,,,,,,
"2009-07-02 21:00:00",,,5.000714500745,,,,,,,,,,
"2009-07-09 21:00:00",,,4.94714306987,,,,,,,,,,
"2009-07-16 21:00:00",,,5.4196430901875,,,,,,,,,,
"2009-07-23 21:00:00",,,5.7137859599785,,,,,,,,,,
"2009-07-30 21:00:00",,,5.8353573937775,,,,,,,,,,
"2009-08-06 21:00:00",,,5.9110716827475,,,,,,,,,,
"2009-08-13 21:00:00",,,5.956428827555,,,,,,,,,,
"2009-08-20 21:00:00",,,6.043571688445,,,,,,,,,,
"2009-08-27 21:00:00",,,6.0732145468625,,,,,,,,,,
"2009-09-03 21:00:00",,,6.0825002615475,,,,,,,,,,
"2009-09-10 21:00:00",,,6.14857169296,,,,,,,,,,
"2009-09-17 21:00:00",,,6.607857426995,,,,,,,,,,
"2009-09-24 21:00:00",,,6.5132145657825,,,,,,,,,,
"2009-09-29 21:00:00",6.7392900000000004,,,5.9540638702742825,6.7392900000000004,,,,,,,,
"2009-10-01 21:00:00",,,6.603571712525,,,,,,,,,,
"2009-10-08 21:00:00",,,6.8025002925075,,,,,,,,,,
"2009-10-15 21:00:00",,,6.7160717173625,,,,,,,,,,
"2009-10-22 21:00:00",,,7.283571741765,,,,,,,,,,
"2009-10-29 22:00:00",,,6.732143146625,,,,,,,,,,
"2009-11-05 22:00:00",,,6.940714584165,,,,,,,,,,
"2009-11-12 22:00:00",,,7.3017860282625,,,,,,,,,,
"2009-11-19 22:00:00",,,7.14000030702,,,,,,,,,,
"2009-11-26 22:00:00",,,7.1639288794775,,,,,,,,,,
"2009-12-03 22:00:00",,,6.90428601117,,,,,,,,,,
"2009-12-10 22:00:00",,,6.9525002989575,,,,,,,,,,
"2009-12-17 22:00:00",,,6.9796431572675,,,,,,,,,,
"2009-12-24 22:00:00",,,7.46571460674,,,,,,,,,,
"2009-12-31 22:00:00",,,7.526143180767,,,,,,,,,,
"2010-01-07 22:00:00",,,7.570714611255,,,,,,,,,,
"2010-01-14 22:00:00",,,7.3546431733925,,,,,,,,,,
"2010-01-21 22:00:00",,,7.0625003036875,,,,,,,,,,
"2010-01-28 22:00:00",,,6.85939315209675,,,,,,,,,,
"2010-02-04 22:00:00",,,6.980714585885,,,,,,,,,,
"2010-02-11 22:00:00",,,7.156428879155,,,,,,,,,,
"2010-02-18 22:00:00",,,7.2025003097075,,,,,,,,,,
"2010-02-25 22:00:00",,,7.307857457095,,,,,,,,,,
"2010-03-04 22:00:00",,,7.8196431933875,,,,,,,,,,
"2010-03-11 22:00:00",,,8.09285749085,,,,,,,,,,
"2010-03-18 22:00:00",,,7.937496769883775,,,,,,,,,,
"2010-03-25 22:00:00",,,8.246428926025,,,,,,,,,,
"2010-04-01 21:00:00",,,8.4275003623825,,,,,,,,,,
"2010-04-08 21:00:00",,,8.6353575141775,,,,,,,,,,
"2010-04-15 21:00:00",,,8.83571466565,,,,,,,,,,
"2010-04-22 21:00:00",,,9.6725004159175,,,,,,,,,,
"2010-04-29 21:00:00",,,9.3246432581025,,,,,,,,,,
"2010-05-06 21:00:00",,,8.423571790785,,,,,,,,,,
"2010-05-13 21:00:00",,,9.065000389795,,,,,,,,,,
"2010-05-20 21:00:00",,,8.65428608642,,,,,,,,,,
"2010-05-27 21:00:00",,,9.17428610878,,,,,,,,,,
"2010-06-03 21:00:00",,,9.14160753594625,,,,,,,,,,
"2010-06-10 21:00:00",,,9.0539289607475,,,,,,,,,,
"2010-06-17 21:00:00",,,9.7883575637565,,,,,,,,,,
"2010-06-24 21:00:00",,,9.525000409575,,,,,,,,,,
"2010-07-01 21:00:00",,,8.819286093515,,,,,,,,,,
"2010-07-08 21:00:00",,,9.272143255845,,,,,,,,,,
"2010-07-15 21:00:00",,,8.925000383775,,,,,,,,,,
"2010-07-22 21:00:00",,,9.283571827765,,,,,,,,,,
"2010-07-29 21:00:00",,,9.1875003950625,,,,,,,,,,
"2010-08-05 21:00:00",,,9.28896468513975,,,,,,,,,,
"2010-08-12 21:00:00",,,8.896428953975,,,,,,,,,,
"2010-08-19 21:00:00",,,8.91571466909,,,,,,,,,,
"2010-08-26 21:00:00",,,8.629286085345,,,,,,,,,,
"2010-09-02 21:00:00",,,9.2417861116825,,,,,,,,,,
"2010-09-09 21:00:00",,,9.4075004045225,,,,,,,,,,
"2010-09-16 21:00:00",,,9.8346432800325,,,,,,,,,,
"2010-09-23 21:00:00",,,10.44000044892,,,,,,,,,,
"2010-09-29 21:00:00",16.232129999999998,,,14.34084877941078,16.232129999999998,,,,,,,,
"2010-09-30 21:00:00",,,10.09000043387,,,,,,,,,,
"2010-10-07 21:00:00",,,10.5025004516075,,,,,,,,,,
"2010-10-14 21:00:00",,,11.240714769065,,,,,,,,,,
"2010-10-21 21:00:00",,,10.9810719007575,,,,,,,,,,
"2010-10-28 21:00:00",,,10.749286176505,,,,,,,,,,
"2010-11-04 22:00:00",,,11.3260719155925,,,,,,,,,,
"2010-11-11 22:00:00",,,11.0010719016175,,,,,,,,,,
"2010-11-18 22:00:00",,,10.9546433281925,,,,,,,,,,
"2010-11-25 22:00:00",,,11.25000048375,,,,,,,,,,
"2010-12-02 22:00:00",,,11.33714334464,,,,,,,,,,
"2010-12-09 22:00:00",,,11.44857192086,,,,,,,,,,
"2010-12-16 22:00:00",,,11.4503576352225,,,,,,,,,,
"2010-12-23 22:00:00",,,11.5571433541,,,,,,,,,,
"2010-12-30 22:00:00",,,11.52000049536,,,,,,,,,,
"2011-01-06 22:00:00",,,12.00428623047,,,,,,,,,,
"2011-01-13 22:00:00",,,12.44571482088,,,,,,,,,,
"2011-01-20 22:00:00",,,11.66857193032,,,,,,,,,,
"2011-01-27 22:00:00",,,12.003571944725,,,,,,,,,,
"2011-02-03 22:00:00",,,12.375000532125,,,,,,,,,,
"2011-02-10 22:00:00",,,12.7446434051625,,,,,,,,,,
"2011-02-17 22:00:00",,,12.52000053836,,,,,,,,,,
"2011-02-24 22:00:00",,,12.43428624896,,,,,,,,,,
"2011-03-03 22:00:00",,,12.85714341,,,,,,,,,,
"2011-03-10 22:00:00",,,12.5710719691275,,,,,,,,,,
"2011-03-17 22:00:00",,,11.8096433649575,,,,,,,,,,
"2011-03-24 22:00:00",,,12.555000539865,,,,,,,,,,
"2011-03-31 21:00:00",,,12.30571481486,,,,,,,,,,
"2011-04-07 21:00:00",,,11.966429085985,,,,,,,,,,
"2011-04-14 21:00:00",,,11.695000502885,,,,,,,,,,
"2011-04-21 21:00:00",,,12.524857681426,,,,,,,,,,
"2011-04-28 21:00:00",,,12.5046433948425,,,,,,,,,,
"2011-05-05 21:00:00",,,12.380714818085,,,,,,,,,,
"2011-05-12 21:00:00",,,12.160714808625,,,,,,,,,,
"2011-05-19 21:00:00",,,11.972143371945,,,,,,,,,,
"2011-05-26 21:00:00",,,12.0503576610225,,,,,,,,,,
"2011-06-02 21:00:00",,,12.26571481314,,,,,,,,,,
"2011-06-09 21:00:00",,,11.639286214775,,,,,,,,,,
"2011-06-16 21:00:00",,,11.437857634685,,,,,,,,,,
"2011-06-23 21:00:00",,,11.6553576440375,,,,,,,,,,
"2011-06-30 21:00:00",,,12.259286241435,,,,,,,,,,
"2011-07-07 21:00:00",,,12.8467862666975,,,,,,,,,,
"2011-07-14 21:00:00",,,13.03285770327,,,,,,,,,,
"2011-07-21 21:00:00",,,14.046429175425,,,,,,,,,,
"2011-07-28 21:00:00",,,13.94571488538,,,,,,,,,,
"2011-08-04 21:00:00",,,13.343572002345,,,,,,,,,,
"2011-08-11 21:00:00",,,13.4639291503775,,,,,,,,,,
"2011-08-18 21:00:00",,,12.7153576896175,,,,,,,,,,
"2011-08-25 21:00:00",,,13.699286303355,,,,,,,,,,
"2011-09-01 21:00:00",,,13.3589291458625,,,,,,,,,,
"2011-09-08 21:00:00",,,13.48142915113,,,,,,,,,,
"2011-09-15 21:00:00",,,14.303572043625,,,,,,,,,,
"2011-09-22 21:00:00",,,14.439286335175,,,,,,,,,,
"2011-09-29 21:00:00",29.65713,,13.61857201417,26.201639375813702,29.65713,,,,,,,,
"2011-10-06 21:00:00",,,13.20714342505,,,,,,,,,,
"2011-10-13 21:00:00",,,15.0714292195,,,,,,,,,,
"2011-10-20 21:00:00",,,14.0310720319075,,,,,,,,,,
"2011-10-27 21:00:00",,,14.4625006218875,,,,,,,,,,
"2011-11-03 21:00:00",,,14.29428632894,,,,,,,,,,
"2011-11-10 21:00:00",,,13.736429162095,,,,,,,,,,
"2011-11-17 21:00:00",,,13.390714861515,,,,,,,,,,
"2011-11-24 21:00:00",,,12.9846434154825,,,,,,,,,,
"2011-12-01 21:00:00",,,13.917857741325,,,,,,,,,,
"2011-12-08 21:00:00",,,14.057857747345,,,,,,,,,,
"2011-12-15 21:00:00",,,13.607857727995,,,,,,,,,,
"2011-12-22 21:00:00",,,14.4046434765425,,,,,,,,,,
"2011-12-29 21:00:00",,,14.46428633625,,,,,,,,,,
"2012-01-05 21:00:00",,,15.0857149344,,,,,,,,,,
"2012-01-12 21:00:00",,,14.9932149304225,,,,,,,,,,
"2012-01-19 21:00:00",,,15.010714931175,,,,,,,,,,
"2012-01-26 21:00:00",,,15.97428640118,,,,,,,,,,
"2012-02-02 21:00:00",,,16.41714356308,,,,,,,,,,
"2012-02-09 21:00:00",,,17.622143614895,,,,,,,,,,
"2012-02-16 21:00:00",,,17.93285791397,,,,,,,,,,
"2012-02-23 21:00:00",,,18.6575008022725,,,,,,,,,,
"2012-03-01 21:00:00",,,19.470715122955,,,,,,,,,,
"2012-03-08 21:00:00",,,19.4703579800825,,,,,,,,,,
"2012-03-15 21:00:00",,,20.9132151849825,,,,,,,,,,
"2012-03-22 21:00:00",,,21.2875009153625,,,,,,,,,,
"2012-03-29 21:00:00",,,21.4125009207375,,,,,,,,,,
"2012-04-05 21:00:00",,,22.63142954458,,,,,,,,,,
"2012-04-12 21:00:00",,,21.6153580723175,,,,,,,,,,
"2012-04-19 21:00:00",,,20.463572308505,,,,,,,,,,
"2012-04-26 21:00:00",,,21.53571521175,,,,,,,,,,
"2012-05-03 21:00:00",,,20.1875008680625,,,,,,,,,,
"2012-05-10 21:00:00",,,20.2396437274475,,,,,,,,,,
"2012-05-17 21:00:00",,,18.942143671655,,,,,,,,,,
"2012-05-24 21:00:00",,,20.0817865778025,,,,,,,,,,
"2012-05-31 21:00:00",,,20.0353580043775,,,,,,,,,,
"2012-06-07 21:00:00",,,20.72571517692,,,,,,,,,,
"2012-06-14 21:00:00",,,20.5046437388425,,,,,,,,,,
"2012-06-21 21:00:00",,,20.789286608225,,,,,,,,,,
"2012-06-28 21:00:00",,,20.857143754,,,,,,,,,,
"2012-07-05 21:00:00",,,21.63857235903,,,,,,,,,,
"2012-07-12 21:00:00",,,21.6060723576325,,,,,,,,,,
"2012-07-19 21:00:00",,,21.582143785175,,,,,,,,,,
"2012-07-26 21:00:00",,,20.89857232721,,,,,,,,,,
"2012-08-02 21:00:00",,,21.989286659825,,,,,,,,,,
"2012-08-09 21:00:00",,,22.203572383325,,,,,,,,,,
"2012-08-16 21:00:00",,,23.1467867095975,,,,,,,,,,
"2012-08-23 21:00:00",,,23.6865010185195,,,,,,,,,,
"2012-08-30 21:00:00",,,23.75857245019,,,,,,,,,,
"2012-09-06 21:00:00",,,24.30142961639,,,,,,,,,,
"2012-09-13 21:00:00",,,24.68857249018,,,,,,,,,,
"2012-09-20 21:00:00",,,25.00339393228875,,,,,,,,,,
"2012-09-27 21:00:00",,,23.82517959591125,,,,,,,,,,
"2012-09-29 21:00:00",47.3034,,,41.79186010412558,47.3034,,,2.8392859435178615,0.3972388304689666,47.3034,50.14268594351786,,
"2012-10-04 21:00:00",,,23.3067867164775,,,,,,,,,,
"2012-10-11 21:00:00",,,22.4897866813465,,,,,,,,,,
"2012-10-18 21:00:00",,,21.78000093654,,,,,,,,,,
"2012-10-25 21:00:00",,,21.571429499,,,,,,,,,,
"2012-11-01 21:00:00",,,20.6000008858,,,,,,,,,,
"2012-11-08 21:00:00",,,19.537857982985,,,,,,,,,,
"2012-11-15 21:00:00",,,18.8456436675055,,,,,,,,,,
"2012-11-22 21:00:00",,,20.410715163375,,,,,,,,,,
"2012-11-29 21:00:00",,,20.90285804168,,,,,,,,,,
"2012-12-06 21:00:00",,,19.0446436760625,,,,,,,,,,
"2012-12-13 21:00:00",,,18.2069293543265,,,,,,,,,,
"2012-12-20 21:00:00",,,18.5475007975425,,,,,,,,,,
"2012-12-27 21:00:00",,,18.1996150682977,,,,,,,,,,
"2013-01-03 21:00:00",,,18.82142938075,,,,,,,,,,
"2013-01-10 21:00:00",,,18.582143656175,,,,,,,,,,
"2013-01-17 21:00:00",,,17.857143625,,,,,,,,,,
"2013-01-24 21:00:00",,,15.71000067553,,,,,,,,,,
"2013-01-31 21:00:00",,,16.200714982345,,,,,,,,,,
"2013-02-07 21:00:00",,,16.963572158005,,,,,,,,,,
"2013-02-14 21:00:00",,,16.43428642096,,,,,,,,,,
"2013-02-21 21:00:00",,,16.1003578351725,,,,,,,,,,
"2013-02-28 21:00:00",,,15.3739292325075,,,,,,,,,,
"2013-03-07 21:00:00",,,15.41857209157,,,,,,,,,,
"2013-03-14 21:00:00",,,15.845000681335,,,,,,,,,,
"2013-03-21 21:00:00",,,16.4967864236475,,,,,,,,,,
"2013-03-28 21:00:00",,,15.809286394085,,,,,,,,,,
"2013-04-04 21:00:00",,,15.1142863642,,,,,,,,,,
"2013-04-11 21:00:00",,,15.35000066005,,,,,,,,,,
"2013-04-18 21:00:00",,,13.9475005997425,,,,,,,,,,
"2013-04-25 21:00:00",,,14.90017921213625,,,,,,,,,,
"2013-05-02 21:00:00",,,16.070714976755,,,,,,,,,,
"2013-05-09 21:00:00",,,16.1775006956325,,,,,,,,,,
"2013-05-16 21:00:00",,,15.473572093935,,,,,,,,,,
"2013-05-23 21:00:00",,,15.8982149693375,,,,,,,,,,
"2013-05-30 21:00:00",,,16.06196497637875,,,,,,,,,,
"2013-06-06 21:00:00",,,15.77896496420975,,,,,,,,,,
"2013-06-13 21:00:00",,,15.3589292318625,,,,,,,,,,
"2013-06-20 21:00:00",,,14.767857777875,,,,,,,,,,
"2013-06-27 21:00:00",,,14.1617863232425,,,,,,,,,,
"2013-07-04 21:00:00",,,14.907857783895,,,,,,,,,,
"2013-07-11 21:00:00",,,15.2325006549975,,,,,,,,,,
"2013-07-18 21:00:00",,,15.1767863668875,,,,,,,,,,
"2013-07-25 21:00:00",,,15.7496435343775,,,,,,,,,,
"2013-08-01 21:00:00",,,16.519286424615,,,,,,,,,,
"2013-08-08 21:00:00",,,16.2303578407625,,,,,,,,,,
"2013-08-15 21:00:00",,,17.9403579142925,,,,,,,,,,
"2013-08-22 21:00:00",,,17.893572197995,,,,,,,,,,
"2013-08-29 21:00:00",,,17.400572176796,,,,,,,,,,
"2013-09-05 21:00:00",,,17.793572193695,,,,,,,,,,
"2013-09-12 21:00:00",,,16.603572142525,,,,,,,,,,
"2013-09-19 21:00:00",,,16.6932150035225,,,,,,,,,,
"2013-09-26 21:00:00",,,17.2410721699375,,,,,,,,,,
"2013-09-29 21:00:00",42.5892,,,37.626933546988695,42.5892,,,12.214286346642863,2.3911903723125323,42.5892,54.80348634664286,,
"2013-10-03 21:00:00",,,17.2510721703675,,,,,,,,,,
"2013-10-10 21:00:00",,,17.600429328247,,,,,,,,,,
"2013-10-17 21:00:00",,,18.1746436386525,,,,,,,,,,
"2013-10-24 21:00:00",,,18.7842150934355,,,,,,,,,,
"2013-10-31 21:00:00",,,18.5725007986175,,,,,,,,,,
"2013-11-07 21:00:00",,,18.59142937086,,,,,,,,,,
"2013-11-14 21:00:00",,,18.74967937766475,,,,,,,,,,
"2013-11-21 21:00:00",,,18.56428651255,,,,,,,,,,
"2013-11-28 21:00:00",,,19.8596437111075,,,,,,,,,,
"2013-12-05 21:00:00",,,20.000715145745,,,,,,,,,,
"2013-12-12 21:00:00",,,19.8010722800175,,,,,,,,,,
"2013-12-19 21:00:00",,,19.607857985995,,,,,,,,,,
"2013-12-26 21:00:00",,,20.0032151458525,,,,,,,,,,
"2014-01-02 21:00:00",,,19.320715116505,,,,,,,,,,
"2014-01-09 21:00:00",,,19.033572247015,,,,,,,,,,
"2014-01-16 21:00:00",,,19.3096436874575,,,,,,,,,,
"2014-01-23 21:00:00",,,19.5025008386075,,,,,,,,,,
"2014-01-30 21:00:00",,,17.87857219735,,,,,,,,,,
"2014-02-06 21:00:00",,,18.56000079808,,,,,,,,,,
"2014-02-13 21:00:00",,,19.4282151211275,,,,,,,,,,
"2014-02-20 21:00:00",,,18.7589293780625,,,,,,,,,,
"2014-02-27 21:00:00",,,18.79428652244,,,,,,,,,,
"2014-03-06 21:00:00",,,18.94428652889,,,,,,,,,,
"2014-03-13 21:00:00",,,18.7389293772025,,,,,,,,,,
"2014-03-20 21:00:00",,,19.0310722469075,,,,,,,,,,
"2014-03-27 21:00:00",,,19.173572253035,,,,,,,,,,
"2014-04-03 21:00:00",,,18.993572245295,,,,,,,,,,
"2014-04-10 21:00:00",,,18.5575007979725,,,,,,,,,,
"2014-04-17 21:00:00",,,18.747857949015,,,,,,,,,,
"2014-04-24 21:00:00",,,20.426429449765,,,,,,,,,,
"2014-05-01 21:00:00",,,21.163572338605,,,,,,,,,,
"2014-05-08 21:00:00",,,20.912233042083123,,,,,,,,,,
"2014-05-15 21:00:00",,,21.3396437747475,,,,,,,,,,
"2014-05-22 21:00:00",,,21.9332152288425,,,,,,,,,,
"2014-05-29 21:00:00",,,22.60714382925,,,,,,,,,,
"2014-06-05 21:00:00",,,23.0560724199825,,,,,,,,,,
"2014-06-08 21:00:00",,,,,,,,,,,,,
"2014-06-12 21:00:00",,,22.82,,,,,,,,,,
"2014-06-19 21:00:00",,,22.7275,,,,,,,,,,
"2014-06-26 21:00:00",,,22.995,,,,,,,,,,
"2014-07-03 21:00:00",,,23.5075,,,,,,,,,,
"2014-07-10 21:00:00",,,23.805,,,,,,,,,,
"2014-07-17 21:00:00",,,23.6075,,,,,,,,,,
"2014-07-24 21:00:00",,,24.41775,,,,,,,,,,
"2014-07-31 21:00:00",,,24.0325,,,,,,,,,,
"2014-08-07 21:00:00",,,23.685,,,,,,,,,,
"2014-08-14 21:00:00",,,24.495,,,,,,,,,,
"2014-08-21 21:00:00",,,25.33,,,,,,,,,,
"2014-08-28 21:00:00",,,25.625,,,,,,,,,,
"2014-09-04 21:00:00",,,24.7425,,,,,,,,,,
"2014-09-11 21:00:00",,,25.415,,,,,,,,,,
"2014-09-18 21:00:00",,,25.24,,,,,,,,,,
"2014-09-25 21:00:00",,,25.1875,,,,,,,,,,
"2014-09-29 21:00:00",48.375,,,42.73860298703846,48.375,,,13.585714560824993,1.7979440279007435,48.375,61.960714560825,,
"2014-10-02 21:00:00",,,24.905,,,,,,,,,,
"2014-10-09 21:00:00",,,25.1825,,,,,,,,,,
"2014-10-16 21:00:00",,,24.4175,,,,,,,,,,
"2014-10-23 21:00:00",,,26.305,,,,,,,,,,
"2014-10-30 21:00:00",,,27,,,,,,,,,,
"2014-11-06 21:00:00",,,27.2525,,,,,,,,,,
"2014-11-13 21:00:00",,,28.545,,,,,,,,,,
"2014-11-20 21:00:00",,,29.1175,,,,,,,,,,
"2014-11-27 21:00:00",,,29.7325,,,,,,,,,,
"2014-12-04 21:00:00",,,28.75,,,,,,,,,,
"2014-12-11 21:00:00",,,27.4325,,,,,,,,,,
"2014-12-18 21:00:00",,,27.945,,,,,,,,,,
"2014-12-25 21:00:00",,,28.4975,,,,,,,,,,
"2015-01-01 21:00:00",,,27.3325,,,,,,,,,,
"2015-01-08 21:00:00",,,28.0025,,,,,,,,,,
"2015-01-15 21:00:00",,,26.4975,,,,,,,,,,
"2015-01-22 21:00:00",,,28.245,,,,,,,,,,
"2015-01-29 21:00:00",,,29.29,,,,,,,,,,
"2015-02-05 21:00:00",,,29.7325,,,,,,,,,,
"2015-02-12 21:00:00",,,31.77,,,,,,,,,,
"2015-02-19 21:00:00",,,32.37375,,,,,,,,,,
"2015-02-26 21:00:00",,,32.115,,,,,,,,,,
"2015-03-05 21:00:00",,,31.65,,,,,,,,,,
"2015-03-12 21:00:00",,,30.8975,,,,,,,,,,
"2015-03-19 21:00:00",,,31.475,,,,,,,,,,
"2015-03-26 21:00:00",,,30.8125,,,,,,,,,,
"2015-04-02 21:00:00",,,31.33,,,,,,,,,,
"2015-04-09 21:00:00",,,31.775,,,,,,,,,,
"2015-04-16 21:00:00",,,31.1875,,,,,,,,,,
"2015-04-23 21:00:00",,,32.57,,,,,,,,,,
"2015-04-30 21:00:00",,,32.2375,,,,,,,,,,
"2015-05-07 21:00:00",,,31.905,,,,,,,,,,
"2015-05-14 21:00:00",,,32.1925,,,,,,,,,,
"2015-05-21 21:00:00",,,33.135,,,,,,,,,,
"2015-05-28 21:00:00",,,32.57,,,,,,,,,,
"2015-06-04 21:00:00",,,32.1625,,,,,,,,,,
"2015-06-11 21:00:00",,,31.7925,,,,,,,,,,
"2015-06-18 21:00:00",,,31.65,,,,,,,,,,
"2015-06-25 21:00:00",,,31.6875,,,,,,,,,,
"2015-07-02 21:00:00",,,31.61,,,,,,,,,,
"2015-07-09 21:00:00",,,30.82,,,,,,,,,,
"2015-07-16 21:00:00",,,32.405,,,,,,,,,,
"2015-07-23 21:00:00",,,31.125,,,,,,,,,,
"2015-07-30 21:00:00",,,30.325,,,,,,,,,,
"2015-08-06 21:00:00",,,28.88,,,,,,,,,,
"2015-08-13 21:00:00",,,28.99,,,,,,,,,,
"2015-08-20 21:00:00",,,26.44,,,,,,,,,,
"2015-08-27 21:00:00",,,28.3225,,,,,,,,,,
"2015-09-03 21:00:00",,,27.3175,,,,,,,,,,
"2015-09-10 21:00:00",,,28.5525,,,,,,,,,,
"2015-09-17 21:00:00",,,28.3625,,,,,,,,,,
"2015-09-24 21:00:00",,,28.6775,,,,,,,,,,
"2015-09-29 21:00:00",69.15,,,61.09301078147203,69.15,,,14.8499997,1.795104224841342,69.15,83.9999997,,
"2015-10-01 21:00:00",,,27.595,,,,,,,,,,
"2015-10-08 21:00:00",,,28.03,,,,,,,,,,
"2015-10-15 21:00:00",,,27.76,,,,,,,,,,
"2015-10-22 21:00:00",,,29.77,,,,,,,,,,
"2015-10-29 21:00:00",,,29.875,,,,,,,,,,
"2015-11-05 21:00:00",,,30.265,,,,,,,,,,
"2015-11-12 21:00:00",,,28.085,,,,,,,,,,
"2015-11-19 21:00:00",,,29.825,,,,,,,,,,
"2015-11-26 21:00:00",,,29.4525,,,,,,,,,,
"2015-12-03 21:00:00",,,29.7575,,,,,,,,,,
"2015-12-10 21:00:00",,,28.295,,,,,,,,,,
"2015-12-17 21:00:00",,,26.5075,,,,,,,,,,
"2015-12-24 21:00:00",,,27.0075,,,,,,,,,,
"2015-12-31 21:00:00",,,26.315,,,,,,,,,,
"2016-01-07 21:00:00",,,24.24,,,,,,,,,,
"2016-01-14 21:00:00",,,24.2825,,,,,,,,,,
"2016-01-21 21:00:00",,,25.355,,,,,,,,,,
"2016-01-28 21:00:00",,,24.335,,,,,,,,,,
"2016-02-04 21:00:00",,,23.505,,,,,,,,,,
"2016-02-11 21:00:00",,,23.4975,,,,,,,,,,
"2016-02-18 21:00:00",,,24.01,,,,,,,,,,
"2016-02-25 21:00:00",,,24.2275,,,,,,,,,,
"2016-03-03 21:00:00",,,25.7525,,,,,,,,,,
"2016-03-10 21:00:00",,,25.565,,,,,,,,,,
"2016-03-17 21:00:00",,,26.48,,,,,,,,,,
"2016-03-24 21:00:00",,,26.4175,,,,,,,,,,
"2016-03-31 21:00:00",,,27.4975,,,,,,,,,,
"2016-04-07 21:00:00",,,27.165,,,,,,,,,,
"2016-04-14 21:00:00",,,27.4625,,,,,,,,,,
"2016-04-21 21:00:00",,,26.42,,,,,,,,,,
"2016-04-28 21:00:00",,,23.435,,,,,,,,,,
"2016-05-05 21:00:00",,,23.18,,,,,,,,,,
"2016-05-12 21:00:00",,,22.63,,,,,,,,,,
"2016-05-19 21:00:00",,,23.805,,,,,,,,,,
"2016-05-26 21:00:00",,,25.0875,,,,,,,,,,
"2016-06-02 21:00:00",,,24.48,,,,,,,,,,
"2016-06-09 21:00:00",,,24.7075,,,,,,,,,,
"2016-06-16 21:00:00",,,23.8325,,,,,,,,,,
"2016-06-23 21:00:00",,,23.35,,,,,,,,,,
"2016-06-30 21:00:00",,,23.9725,,,,,,,,,,
"2016-07-07 21:00:00",,,24.17,,,,,,,,,,
"2016-07-14 21:00:00",,,24.695,,,,,,,,,,
"2016-07-21 21:00:00",,,24.665,,,,,,,,,,
"2016-07-28 21:00:00",,,26.0525,,,,,,,,,,
"2016-08-04 21:00:00",,,26.87,,,,,,,,,,
"2016-08-11 21:00:00",,,27.045,,,,,,,,,,
"2016-08-18 21:00:00",,,27.34,,,,,,,,,,
"2016-08-25 21:00:00",,,26.735,,,,,,,,,,
"2016-09-01 21:00:00",,,26.9325,,,,,,,,,,
"2016-09-08 21:00:00",,,25.7825,,,,,,,,,,
"2016-09-15 21:00:00",,,28.73,,,,,,,,,,
"2016-09-22 21:00:00",,,28.1775,,,,,,,,,,
"2016-09-29 21:00:00",62.325,,28.2625,55.063223383300716,62.325,,,16.349999609999998,1.928350241486068,62.325,78.67499961,,
"2016-10-06 21:00:00",,,28.515,,,,,,,,,,
"2016-10-13 21:00:00",,,29.4075,,,,,,,,,,
"2016-10-20 21:00:00",,,29.15,,,,,,,,,,
"2016-10-27 21:00:00",,,28.43,,,,,,,,,,
"2016-11-03 21:00:00",,,27.21,,,,,,,,,,
"2016-11-10 21:00:00",,,27.1075,,,,,,,,,,
"2016-11-17 21:00:00",,,27.515,,,,,,,,,,
"2016-11-24 21:00:00",,,27.9475,,,,,,,,,,
"2016-12-01 21:00:00",,,27.475,,,,,,,,,,
"2016-12-08 21:00:00",,,28.4875,,,,,,,,,,
"2016-12-15 21:00:00",,,28.9925,,,,,,,,,,
"2016-12-22 21:00:00",,,29.13,,,,,,,,,,
"2016-12-29 21:00:00",,,28.955,,,,,,,,,,
"2017-01-05 21:00:00",,,29.4775,,,,,,,,,,
"2017-01-12 21:00:00",,,29.76,,,,,,,,,,
"2017-01-19 21:00:00",,,30,,,,,,,,,,
"2017-01-26 21:00:00",,,30.4875,,,,,,,,,,
"2017-02-02 21:00:00",,,32.27,,,,,,,,,,
"2017-02-09 21:00:00",,,33.03,,,,,,,,,,
"2017-02-16 21:00:00",,,33.93,,,,,,,,,,
"2017-02-23 21:00:00",,,34.165,,,,,,,,,,
"2017-03-02 21:00:00",,,34.945,,,,,,,,,,
"2017-03-09 21:00:00",,,34.785,,,,,,,,,,
"2017-03-16 21:00:00",,,34.9975,,,,,,,,,,
"2017-03-23 21:00:00",,,35.16,,,,,,,,,,
"2017-03-30 21:00:00",,,35.915,,,,,,,,,,
"2017-04-06 21:00:00",,,35.835,,,,,,,,,,
"2017-04-13 21:00:00",,,35.2625,,,,,,,,,,
"2017-04-20 21:00:00",,,35.5675,,,,,,,,,,
"2017-04-27 21:00:00",,,35.9125,,,,,,,,,,
"2017-05-04 21:00:00",,,37.24,,,,,,,,,,
"2017-05-11 21:00:00",,,39.025,,,,,,,,,,
"2017-05-18 21:00:00",,,38.265,,,,,,,,,,
"2017-05-25 21:00:00",,,38.4025,,,,,,,,,,
"2017-06-01 21:00:00",,,38.8625,,,,,,,,,,
"2017-06-08 21:00:00",,,37.245,,,,,,,,,,
"2017-06-15 21:00:00",,,35.5675,,,,,,,,,,
"2017-06-22 21:00:00",,,36.57,,,,,,,,,,
"2017-06-29 21:00:00",,,36.005,,,,,,,,,,
"2017-07-06 21:00:00",,,36.045,,,,,,,,,,
"2017-07-13 21:00:00",,,37.26,,,,,,,,,,
"2017-07-20 21:00:00",,,37.5675,,,,,,,,,,
"2017-07-27 21:00:00",,,37.375,,,,,,,,,,
"2017-08-03 21:00:00",,,39.0975,,,,,,,,,,
"2017-08-10 21:00:00",,,39.37,,,,,,,,,,
"2017-08-17 21:00:00",,,39.375,,,,,,,,,,
"2017-08-24 21:00:00",,,39.965,,,,,,,,,,
"2017-08-31 21:00:00",,,41.0125,,,,,,,,,,
"2017-09-07 21:00:00",,,39.6575,,,,,,,,,,
"2017-09-14 21:00:00",,,39.97,,,,,,,,,,
"2017-09-21 21:00:00",,,37.9725,,,,,,,,,,
"2017-09-28 21:00:00",,,38.53,,,,,,,,,,
"2017-09-29 21:00:00",69.075,,,61.02674938149213,69.075,,,17.99999982,1.5572281183493384,69.075,87.07499982,,
"2017-10-05 21:00:00",,,38.825,,,,,,,,,,
"2017-10-12 21:00:00",,,39.2475,,,,,,,,,,
"2017-10-19 21:00:00",,,39.0625,,,,,,,,,,
"2017-10-26 21:00:00",,,40.7625,,,,,,,,,,
"2017-11-02 21:00:00",,,43.125,,,,,,,,,,
"2017-11-09 21:00:00",,,43.6675,,,,,,,,,,
"2017-11-16 21:00:00",,,42.5375,,,,,,,,,,
"2017-11-23 21:00:00",,,43.7425,,,,,,,,,,
"2017-11-30 21:00:00",,,42.7625,,,,,,,,,,
"2017-12-07 21:00:00",,,42.3425,,,,,,,,,,
"2017-12-14 21:00:00",,,43.4925,,,,,,,,,,
"2017-12-21 21:00:00",,,43.7525,,,,,,,,,,
"2017-12-28 21:00:00",,,42.3075,,,,,,,,,,
"2017-12-30 21:00:00",,,,,,,,,,,,29.175,
"2018-01-04 21:00:00",,,43.75,,,,,,,,,,
"2018-01-11 21:00:00",,,44.2725,,,,,,,,,,
"2018-01-18 21:00:00",,,44.615,,,,,,,,,,
"2018-01-25 21:00:00",,,42.8775,,,,,,,,,,
"2018-02-01 21:00:00",,,40.125,,,,,,,,,,
"2018-02-08 21:00:00",,,39.1025,,,,,,,,,,
"2018-02-15 21:00:00",,,43.1075,,,,,,,,,,
"2018-02-22 21:00:00",,,43.875,,,,,,,,,,
"2018-03-01 21:00:00",,,44.0525,,,,,,,,,,
"2018-03-08 21:00:00",,,44.995,,,,,,,,,,
"2018-03-15 21:00:00",,,44.505,,,,,,,,,,
"2018-03-22 21:00:00",,,41.235,,,,,,,,,,
"2018-03-29 21:00:00",,,41.945,,,,,,,,,,
"2018-03-30 21:00:00",,,,,,,,,,,,20.475,
"2018-04-05 21:00:00",,,42.095,,,,,,,,,,
"2018-04-12 21:00:00",,,43.6825,,,,,,,,,,
"2018-04-19 21:00:00",,,41.43,,,,,,,,,,
"2018-04-26 21:00:00",,,40.58,,,,,,,,,,
"2018-05-03 21:00:00",,,45.9575,,,,,,,,,,
"2018-05-10 21:00:00",,,47.1475,,,,,,,,,,
"2018-05-17 21:00:00",,,46.5775,,,,,,,,,,
"2018-05-24 21:00:00",,,47.145,,,,,,,,,,
"2018-05-31 21:00:00",,,47.56,,,,,,,,,,
"2018-06-07 21:00:00",,,47.925,,,,,,,,,,
"2018-06-14 21:00:00",,,47.21,,,,,,,,,,
"2018-06-21 21:00:00",,,46.23,,,,,,,,,,
"2018-06-28 21:00:00",,,46.2775,,,,,,,,,,
"2018-06-29 21:00:00",,,,,,,,,,,,17.549999999999997,
"2018-07-05 21:00:00",,,46.9925,,,,,,,,,,
"2018-07-12 21:00:00",,,47.8325,,,,,,,,,,
"2018-07-19 21:00:00",,,47.86,,,,,,,,,,
"2018-07-26 21:00:00",,,47.745,,,,,,,,,,
"2018-08-02 21:00:00",,,51.9975,,,,,,,,,,
"2018-08-09 21:00:00",,,51.8825,,,,,,,,,,
"2018-08-16 21:00:00",,,54.395,,,,,,,,,,
"2018-08-23 21:00:00",,,54.04,,,,,,,,,,
"2018-08-30 21:00:00",,,56.9075,,,,,,,,,,
"2018-09-06 21:00:00",,,55.325,,,,,,,,,,
"2018-09-13 21:00:00",,,55.96,,,,,,,,,,
"2018-09-20 21:00:00",,,54.415,,,,,,,,,,
"2018-09-27 21:00:00",,,56.435,,,,,,,,,,
"2018-09-29 21:00:00",89.325,,,78.91732737606637,89.325,,,20.400000209999998,1.2049260334898555,89.325,109.72500021,21.825000000000003,
"2018-10-04 21:00:00",,,56.0725,,,,,,,,,,
"2018-10-11 21:00:00",,,55.5275,,,,,,,,,,
"2018-10-18 21:00:00",,,54.8275,,,,,,,,,,
"2018-10-25 21:00:00",,,54.075,,,,,,,,,,
"2018-11-01 21:00:00",,,51.87,,,,,,,,,,
"2018-11-08 21:00:00",,,51.1175,,,,,,,,,,
"2018-11-15 21:00:00",,,48.3825,,,,,,,,,,
"2018-11-22 21:00:00",,,43.0725,,,,,,,,,,
"2018-11-29 21:00:00",,,44.645,,,,,,,,,,
"2018-12-06 21:00:00",,,42.1225,,,,,,,,,,
"2018-12-13 21:00:00",,,41.37,,,,,,,,,,
"2018-12-20 21:00:00",,,37.6825,,,,,,,,,,
"2018-12-27 21:00:00",,,39.0575,,,,,,,,,,
"2018-12-30 21:00:00",,,,,,,,,,,,31.349999999999998,
"2019-01-03 21:00:00",,,37.065,,,,,,,,,,
"2019-01-10 21:00:00",,,38.0725,,,,,,,,,,
"2019-01-17 21:00:00",,,39.205,,,,,,,,,,
"2019-01-24 21:00:00",,,39.44,,,,,,,,,,
"2019-01-31 21:00:00",,,41.63,,,,,,,,,,
"2019-02-07 21:00:00",,,42.6025,,,,,,,,,,
"2019-02-14 21:00:00",,,42.605,,,,,,,,,,
"2019-02-21 21:00:00",,,43.2425,,,,,,,,,,
"2019-02-28 21:00:00",,,43.7425,,,,,,,,,,
"2019-03-07 21:00:00",,,43.2275,,,,,,,,,,
"2019-03-14 21:00:00",,,46.53,,,,,,,,,,
"2019-03-21 21:00:00",,,47.7625,,,,,,,,,,
"2019-03-28 21:00:00",,,47.4875,,,,,,,,,,
"2019-03-30 21:00:00",,,,,,,,,,,,18.45,
"2019-04-04 21:00:00",,,49.25,,,,,,,,,,
"2019-04-11 21:00:00",,,49.7175,,,,,,,,,,
"2019-04-18 21:00:00",,,50.965,,,,,,,,,,
"2019-04-25 21:00:00",,,51.075,,,,,,,,,,
"2019-05-02 21:00:00",,,52.9375,,,,,,,,,,
"2019-05-09 21:00:00",,,49.295,,,,,,,,,,
"2019-05-16 21:00:00",,,47.25,,,,,,,,,,
"2019-05-23 21:00:00",,,44.7425,,,,,,,,,,
"2019-05-30 21:00:00",,,43.7675,,,,,,,,,,
"2019-06-06 21:00:00",,,47.5375,,,,,,,,,,
"2019-06-13 21:00:00",,,48.185,,,,,,,,,,
"2019-06-20 21:00:00",,,49.695,,,,,,,,,,
"2019-06-27 21:00:00",,,49.48,,,,,,,,,,
"2019-06-29 21:00:00",,,,,,,,,,,,16.35,
"2019-07-04 21:00:00",,,51.0575,,,,,,,,,,
"2019-07-11 21:00:00",,,50.825,,,,,,,,,,
"2019-07-18 21:00:00",,,50.6475,,,,,,,,,,
"2019-07-25 21:00:00",,,51.935,,,,,,,,,,
"2019-08-01 21:00:00",,,51.005,,,,,,,,,,
"2019-08-08 21:00:00",,,50.2475,,,,,,,,,,
"2019-08-15 21:00:00",,,51.625,,,,,,,,,,
"2019-08-22 21:00:00",,,50.66,,,,,,,,,,
"2019-08-29 21:00:00",,,52.185,,,,,,,,,,
"2019-09-05 21:00:00",,,53.315,,,,,,,,,,
"2019-09-12 21:00:00",,,54.6875,,,,,,,,,,
"2019-09-19 21:00:00",,,54.4325,,,,,,,,,,
"2019-09-26 21:00:00",,,54.705,,,,,,,,,,
"2019-09-29 21:00:00",89.17500000000001,,,78.78480457610655,89.17500000000001,,,22.5,1.3394651069339645,89.17500000000001,111.67500000000001,22.724999999999998,
"2019-10-03 21:00:00",,,56.7525,,,,,,,,,,
"2019-10-10 21:00:00",,,59.0525,,,,,,,,,,
"2019-10-17 21:00:00",,,59.1025,,,,,,,,,,
"2019-10-24 21:00:00",,,61.645,,,,,,,,,,
"2019-10-31 21:00:00",,,63.955,,,,,,,,,,
"2019-11-07 21:00:00",,,65.035,,,,,,,,,,
"2019-11-14 21:00:00",,,66.44,,,,,,,,,,
"2019-11-21 21:00:00",,,65.445,,,,,,,,,,
"2019-11-28 21:00:00",,,66.8125,,,,,,,,,,
"2019-12-05 21:00:00",,,67.6775,,,,,,,,,,
"2019-12-12 21:00:00",,,68.7875,,,,,,,,,,
"2019-12-19 21:00:00",,,69.86,,,,,,,,,,
"2019-12-26 21:00:00",,,72.45,,,,,,,,,,
"2019-12-30 21:00:00",,,,,,,,,,,,37.425000000000004,
"2020-01-02 21:00:00",,,74.3575,,,,,,,,,,
"2020-01-09 21:00:00",,,77.5825,,,,,,,,,,
"2020-01-16 21:00:00",,,79.6825,,,,,,,,,,
"2020-01-23 21:00:00",,,79.5775,,,,,,,,,,
"2020-01-30 21:00:00",,,77.3775,,,,,,,,,,
"2020-02-06 21:00:00",,,80.0075,,,,,,,,,,
"2020-02-13 21:00:00",,,81.2375,,,,,,,,,,
"2020-02-20 21:00:00",,,78.2625,,,,,,,,,,
"2020-02-27 21:00:00",,,68.34,,,,,,,,,,
"2020-03-05 21:00:00",,,72.2575,,,,,,,,,,
"2020-03-12 21:00:00",,,69.4925,,,,,,,,,,
"2020-03-19 21:00:00",,,57.31,,,,,,,,,,
"2020-03-26 21:00:00",,,61.935,,,,,,,,,,
"2020-03-30 21:00:00",,,,,,,,,,,,19.125,
"2020-04-02 21:00:00",,,60.3525,,,,,,,,,,
"2020-04-09 21:00:00",,,66.9975,,,,,,,,,,
"2020-04-16 21:00:00",,,70.7,,,,,,,,,,
"2020-04-23 21:00:00",,,70.7425,,,,,,,,,,
"2020-04-30 21:00:00",,,72.2675,,,,,,,,,,
"2020-05-07 21:00:00",,,77.5325,,,,,,,,,,
"2020-05-14 21:00:00",,,76.9275,,,,,,,,,,
"2020-05-21 21:00:00",,,79.7225,,,,,,,,,,
"2020-05-28 21:00:00",,,79.485,,,,,,,,,,
"2020-06-04 21:00:00",,,82.875,,,,,,,,,,
"2020-06-11 21:00:00",,,84.7,,,,,,,,,,
"2020-06-18 21:00:00",,,87.43,,,,,,,,,,
"2020-06-25 21:00:00",,,88.4075,,,,,,,,,,
"2020-06-29 21:00:00",,,,,,,,,,,,19.35,
"2020-07-02 21:00:00",,,91.0275,,,,,,,,,,
"2020-07-09 21:00:00",,,95.92,,,,,,,,,,
"2020-07-16 21:00:00",,,96.3275,,,,,,,,,,
"2020-07-23 21:00:00",,,92.615,,,,,,,,,,
"2020-07-30 21:00:00",,,106.26,,,,,,,,,,
"2020-08-06 21:00:00",,,111.1125,,,,,,,,,,
"2020-08-13 21:00:00",,,114.9075,,,,,,,,,,
"2020-08-20 21:00:00",,,124.37,,,,,,,,,,
"2020-08-27 21:00:00",,,124.8075,,,,,,,,,,
"2020-08-30 21:00:00",,,,,,,,,,,,,
"2020-09-03 21:00:00",,,120.96,,,,,,,,,,
"2020-09-10 21:00:00",,,112,,,,,,,,,,
"2020-09-17 21:00:00",,,106.84,,,,,,,,,,
"2020-09-24 21:00:00",,,112.28,,,,,,,,,,
"2020-09-29 21:00:00",98.39999999999999,,,86.93495677363481,98.39999999999999,,,23.849999609999998,0.6864692055953716,98.39999999999999,122.24999960999999,21.9,
"2020-10-01 21:00:00",,,113.02,,,,,,,,,,
"2020-10-08 21:00:00",,,116.97,,,,,,,,,,
"2020-10-15 21:00:00",,,119.02,,,,,,,,,,
"2020-10-22 21:00:00",,,115.04,,,,,,,,,,
"2020-10-29 21:00:00",,,108.86,,,,,,,,,,
"2020-11-05 21:00:00",,,118.69,,,,,,,,,,
"2020-11-12 21:00:00",,,119.26,,,,,,,,,,
"2020-11-19 21:00:00",,,117.34,,,,,,,,,,
"2020-11-26 21:00:00",,,116.59,,,,,,,,,,
"2020-12-03 21:00:00",,,122.25,,,,,,,,,,
"2020-12-10 21:00:00",,,122.41,,,,,,,,,,
"2020-12-17 21:00:00",,,126.655,,,,,,,,,,
"2020-12-24 21:00:00",,,131.97,,,,,,,,,,
"2020-12-30 21:00:00",,,,,,,,,,,,50.4,
"2020-12-31 21:00:00",,,132.69,,,,,,,,,,
"2021-01-07 21:00:00",,,132.05,,,,,,,,,,
"2021-01-14 21:00:00",,,127.14,,,,,,,,,,
"2021-01-21 21:00:00",,,139.07,,,,,,,,,,
"2021-01-28 21:00:00",,,131.96,,,,,,,,,,
"2021-02-04 21:00:00",,,136.76,,,,,,,,,,
"2021-02-11 21:00:00",,,135.37,,,,,,,,,,
"2021-02-18 21:00:00",,,129.87,,,,,,,,,,
"2021-02-25 21:00:00",,,121.26,,,,,,,,,,
"2021-03-04 21:00:00",,,121.42,,,,,,,,,,
"2021-03-11 21:00:00",,,121.03,,,,,,,,,,
"2021-03-18 21:00:00",,,119.99,,,,,,,,,,
"2021-03-25 21:00:00",,,121.21,,,,,,,,,,
"2021-03-30 21:00:00",,,,,,,,,,,,42,
"2021-04-01 21:00:00",,,123,,,,,,,,,,
"2021-04-08 21:00:00",,,132.995,,,,,,,,,,
"2021-04-15 21:00:00",,,134.16,,,,,,,,,,
"2021-04-22 21:00:00",,,134.32,,,,,,,,,,
"2021-04-29 21:00:00",,,131.46,,,,,,,,,,
"2021-05-06 21:00:00",,,130.21,,,,,,,,,,
"2021-05-13 21:00:00",,,127.45,,,,,,,,,,
"2021-05-20 21:00:00",,,125.43,,,,,,,,,,
"2021-05-27 21:00:00",,,124.61,,,,,,,,,,
"2021-06-03 21:00:00",,,125.89,,,,,,,,,,
"2021-06-10 21:00:00",,,127.35,,,,,,,,,,
"2021-06-17 21:00:00",,,130.46,,,,,,,,,,
"2021-06-24 21:00:00",,,133.11,,,,,,,,,,
"2021-06-29 21:00:00",,,,,,,,,,,,39,
"2021-07-01 21:00:00",,,139.96,,,,,,,,,,
"2021-07-08 21:00:00",,,145.11,,,,,,,,,,
"2021-07-15 21:00:00",,,146.39,,,,,,,,,,
"2021-07-22 21:00:00",,,148.56,,,,,,,,,,
"2021-07-29 21:00:00",,,145.86,,,,,,,,,,
"2021-08-05 21:00:00",,,146.14,,,,,,,,,,
"2021-08-12 21:00:00",,,149.1,,,,,,,,,,
"2021-08-19 21:00:00",,,148.19,,,,,,,,,,
"2021-08-26 21:00:00",,,148.6,,,,,,,,,,
"2021-09-02 21:00:00",,,154.3,,,,,,,,,,
"2021-09-09 21:00:00",,,148.97,,,,,,,,,,
"2021-09-16 21:00:00",,,146.06,,,,,,,,,,
"2021-09-23 21:00:00",,,146.92,,,,,,,,,,
"2021-09-29 21:00:00",168.3,,,148.6905815549059,168.3,,,25.49999982,0.6007067095406361,168.3,193.79999982,37.2,
"2021-09-30 21:00:00",,,142.65,,,,,,,,,,
"2021-10-07 21:00:00",,,142.9,,,,,,,,,,
"2021-10-14 21:00:00",,,144.84,,,,,,,,,,
"2021-10-21 21:00:00",,,148.69,,,,,,,,,,
"2021-10-28 21:00:00",,,149.8,,,,,,,,,,
"2021-11-04 21:00:00",,,151.28,,,,,,,,,,
"2021-11-11 21:00:00",,,149.99,,,,,,,,,,
"2021-11-18 21:00:00",,,160.55,,,,,,,,,,
"2021-11-25 21:00:00",,,156.81,,,,,,,,,,
"2021-12-02 21:00:00",,,161.84,,,,,,,,,,
"2021-12-09 21:00:00",,,179.45,,,,,,,,,,
"2021-12-16 21:00:00",,,171.14,,,,,,,,,,
"2021-12-23 21:00:00",,,176.28,,,,,,,,,,
"2021-12-30 21:00:00",,,177.57,,,,,,,,,63,
"2022-01-06 21:00:00",,,172.17,,,,,,,,,,
"2022-01-13 21:00:00",,,173.07,,,,,,,,,,
"2022-01-20 21:00:00",,,162.41,,,,,,,,,,
"2022-01-27 21:00:00",,,170.33,,,,,,,,,,
"2022-02-03 21:00:00",,,172.39,,,,,,,,,,
"2022-02-10 21:00:00",,,168.64,,,,,,,,,,
"2022-02-17 21:00:00",,,167.3,,,,,,,,,,
"2022-02-24 21:00:00",,,164.85,,,,,,,,,,
"2022-03-03 21:00:00",,,163.17,,,,,,,,,,
"2022-03-10 21:00:00",,,154.73,,,,,,,,,,
"2022-03-17 21:00:00",,,163.98,,,,,,,,,,
"2022-03-24 21:00:00",,,174.72,,,,,,,,,,
"2022-03-30 21:00:00",,,,,,,,,,,,45.6,
"2022-03-31 21:00:00",,,174.31,,,,,,,,,,
"2022-04-07 21:00:00",,,170.09,,,,,,,,,,
"2022-04-14 21:00:00",,,165.29,,,,,,,,,,
"2022-04-21 21:00:00",,,161.79,,,,,,,,,,
"2022-04-28 21:00:00",,,157.65,,,,,,,,,,
"2022-05-05 21:00:00",,,157.28,,,,,,,,,,
"2022-05-12 21:00:00",,,147.11,,,,,,,,,,
"2022-05-19 21:00:00",,,137.59,,,,,,,,,,
"2022-05-26 21:00:00",,,149.64,,,,,,,,,,
"2022-06-02 21:00:00",,,145.38,,,,,,,,,,
"2022-06-09 21:00:00",,,137.13,,,,,,,,,,
"2022-06-16 21:00:00",,,131.56,,,,,,,,,,
"2022-06-23 21:00:00",,,141.66,,,,,,,,,,
"2022-06-29 21:00:00",,,,,,,,,,,,36,
"2022-06-30 21:00:00",,,138.93,,,,,,,,,,
"2022-07-07 21:00:00",,,147.04,,,,,,,,,,
"2022-07-14 21:00:00",,,150.17,,,,,,,,,,
"2022-07-21 21:00:00",,,154.09,,,,,,,,,,
"2022-07-28 21:00:00",,,162.51,,,,,,,,,,
"2022-08-04 21:00:00",,,165.35,,,,,,,,,,
"2022-08-11 21:00:00",,,172.1,,,,,,,,,,
"2022-08-18 21:00:00",,,171.52,,,,,,,,,,
"2022-08-25 21:00:00",,,163.62,,,,,,,,,,
"2022-09-01 21:00:00",,,155.81,,,,,,,,,,
"2022-09-08 21:00:00",,,157.37,,,,,,,,,,
"2022-09-15 21:00:00",,,150.7,,,,,,,,,,
"2022-09-22 21:00:00",,,150.43,,,,,,,,,,
"2022-09-29 21:00:00",183.3,,138.2,161.94286155088682,183.3,,,27.00000018,0.6512301056439942,183.3,210.30000018,38.7,
"2022-10-06 21:00:00",,,140.09,,,,,,,,,,
"2022-10-13 21:00:00",,,138.38,,,,,,,,,,
"2022-10-20 21:00:00",,,147.27,,,,,,,,,,
"2022-10-27 21:00:00",,,155.74,,,,,,,,,,
"2022-11-03 21:00:00",,,138.38,,,,,,,,,,
"2022-11-10 21:00:00",,,149.7,,,,,,,,,,
"2022-11-17 21:00:00",,,151.29,,,,,,,,,,
"2022-11-24 21:00:00",,,148.11,,,,,,,,,,
"2022-12-01 21:00:00",,,147.81,,,,,,,,,,
"2022-12-08 21:00:00",,,142.16,,,,,,,,,,
"2022-12-15 21:00:00",,,134.51,,,,,,,,,,
"2022-12-22 21:00:00",,,131.86,,,,,,,,,,
"2022-12-29 21:00:00",,,129.93,,,,,,,,,,
"2022-12-30 21:00:00",,,,,,,,,,,,56.4,
"2023-01-05 21:00:00",,,129.62,,,,,,,,,,
"2023-01-12 21:00:00",,,134.76,,,,,,,,,,
"2023-01-19 21:00:00",,,137.87,,,,,,,,,,
"2023-01-26 21:00:00",,,145.93,,,,,,,,,,
"2023-02-02 21:00:00",,,154.5,,,,,,,,,,
"2023-02-09 21:00:00",,,151.01,,,,,,,,,,
"2023-02-16 21:00:00",,,152.55,,,,,,,,,,
"2023-02-23 21:00:00",,,146.71,,,,,,,,,,
"2023-03-02 21:00:00",,,151.03,,,,,,,,,,
"2023-03-09 21:00:00",,,148.5,,,,,,,,,,
"2023-03-16 21:00:00",,,155,,,,,,,,,,
"2023-03-23 21:00:00",,,160.25,,,,,,,,,,
"2023-03-30 21:00:00",,,164.9,,,,,,,,,45.6,
"2023-04-06 21:00:00",,,164.66,,,,,,,,,,
"2023-04-13 21:00:00",,,165.21,,,,,,,,,,
"2023-04-20 21:00:00",,,165.02,,,,,,,,,,
"2023-04-27 21:00:00",,,169.68,,,,,,,,,,
"2023-05-04 21:00:00",,,173.57,,,,,,,,,,
"2023-05-11 21:00:00",,,172.57,,,,,,,,,,
"2023-05-18 21:00:00",,,175.16,,,,,,,,,,
"2023-05-25 21:00:00",,,175.43,,,,,,,,,,
"2023-06-01 21:00:00",,,180.95,,,,,,,,,,
"2023-06-08 21:00:00",,,180.96,,,,,,,,,,
"2023-06-15 21:00:00",,,184.92,,,,,,,,,,
"2023-06-22 21:00:00",,,186.68,,,,,,,,,,
"2023-06-29 21:00:00",,,193.97,,,,,,,,,37.8,
"2023-07-06 21:00:00",,,190.68,,,,,,,,,,
"2023-07-13 21:00:00",,,190.69,,,,,,,,,,
"2023-07-20 21:00:00",,,191.94,,,,,,,,,,
"2023-07-27 21:00:00",,,195.83,,,,,,,,,,
"2023-08-03 21:00:00",,,181.99,,,,,,,,,,
"2023-08-10 21:00:00",,,177.79,,,,,,,,,,
"2023-08-17 21:00:00",,,174.49,,,,,,,,,,
"2023-08-24 21:00:00",,,178.61,,,,,,,,,,
"2023-08-31 21:00:00",,,189.46,,,,,,,,,,
"2023-09-07 21:00:00",,,178.18,,,,,,,,,,
"2023-09-14 21:00:00",,,175.01,,,,,,,,,,
"2023-09-17 21:00:00",,,177.97,,,,,,,,,,
"2023-09-29 21:00:00",181.75884,,,160.58126929497973,181.75884,,,28.38627,,181.75884,210.14511,41.559,
"2023-12-30 21:00:00",,,,,,,,,,,,63,
"2024-03-30 21:00:00",,,,,,,,,,,,48.07482,
"2024-06-29 21:00:00",,,,,,,,,,,,40.456649999999996,
"2024-09-29 21:00:00",197.25,,,174.26748194714907,197.25,,,29.85039,,197.25,227.10039,45.6,
"2024-12-30 21:00:00",,,,,,,,,,,,69.9,
"2025-03-30 21:00:00",,,,,,,,,,,,50.91951,
"2025-06-29 21:00:00",,,,,,,,,,,,45.34758,
"2025-09-29 21:00:00",216.26064000000002,,,191.0631035593354,216.26064000000002,,,31.200000000000003,,216.26064000000002,247.46064,,